{"cameraMode":{"drawMode":0,"name":"Shaded","section":"Shading Mode"},"sceneLighting":false,"audioPlay":false,"sceneViewState":{"m_AlwaysRefresh":false,"showFog":true,"showSkybox":true,"showFlares":true,"showImageEffects":true,"showParticleSystems":true,"showVisualEffectGraphs":true,"m_FxEnabled":true},"in2DMode":false,"pivot":{"x":395.20977783203127,"y":225.61790466308595,"z":7.537515640258789},"rotation":{"x":0.03864562511444092,"y":0.04255283623933792,"z":0.0016472248826175929,"w":-0.9983463883399963},"size":86.84292602539063,"orthographic":false}